12346578,bay-65b-hot-1a,GigabitEthernet1/1,PC100
12346578,bay-65b-hot-1a,GigabitEthernet1/2,PC100
12346578,bay-65b-hot-1a,GigabitEthernet1/3,PC100
12346578,bay-65b-hot-1a,GigabitEthernet1/4,PC100
12346578,bay-65b-hot-1a,GigabitEthernet1/5,PC101
12346578,bay-65b-hot-1a,GigabitEthernet1/6,PC101
12346578,bay-65b-hot-1a,GigabitEthernet1/7,PC101
12346578,bay-65b-hot-1a,GigabitEthernet1/8,PC101
12346578,bay-65b-hot-1a,GigabitEthernet1/9,PC101
12346578,bay-65b-hot-1a,GigabitEthernet1/10,PC101
12346578,bay-65b-hot-1a,GigabitEthernet1/11,PC101
12346578,bay-65b-hot-1a,GigabitEthernet1/12,PC101
12346578,bay-65b-hot-1a,GigabitEthernet1/13,PC110
12346578,bay-65b-hot-1a,GigabitEthernet1/14,PC110
12346578,bay-65b-hot-1a,GigabitEthernet1/15,PC110
12346578,bay-65b-hot-1a,GigabitEthernet1/16,PC110
12346578,bay-65b-hot-1a,GigabitEthernet1/17,PC111
12346578,bay-65b-hot-1a,GigabitEthernet1/18,PC111
12346578,bay-65b-hot-1a,GigabitEthernet1/19,PC111
12346578,bay-65b-hot-1a,GigabitEthernet1/20,PC111
12346578,bay-65b-hot-1a,GigabitEthernet1/21,PC111
12346578,bay-65b-hot-1a,GigabitEthernet1/22,PC111
12346578,bay-65b-hot-1a,GigabitEthernet1/23,PC111
12346578,bay-65b-hot-1a,GigabitEthernet1/24,PC111
12346578,bay-65b-hot-1a,GigabitEthernet2/5,PC102
12346578,bay-65b-hot-1a,GigabitEthernet2/6,PC102
12346578,bay-65b-hot-1a,GigabitEthernet2/7,PC102
12346578,bay-65b-hot-1a,GigabitEthernet2/8,PC102
12346578,bay-65b-hot-1a,GigabitEthernet2/9,PC102
12346578,bay-65b-hot-1a,GigabitEthernet2/10,PC102
12346578,bay-65b-hot-1a,GigabitEthernet2/11,PC102
12346578,bay-65b-hot-1a,GigabitEthernet2/12,PC102
12346578,bay-65b-hot-1a,GigabitEthernet2/17,PC112
12346578,bay-65b-hot-1a,GigabitEthernet2/18,PC112
12346578,bay-65b-hot-1a,GigabitEthernet2/19,PC112
12346578,bay-65b-hot-1a,GigabitEthernet2/20,PC112
12346578,bay-65b-hot-1a,GigabitEthernet2/21,PC112
12346578,bay-65b-hot-1a,GigabitEthernet2/22,PC112
12346578,bay-65b-hot-1a,GigabitEthernet2/23,PC112
12346578,bay-65b-hot-1a,GigabitEthernet2/24,PC112
12346578,bay-65b-hot-1b,GigabitEthernet1/1,PC100
12346578,bay-65b-hot-1b,GigabitEthernet1/2,PC100
12346578,bay-65b-hot-1b,GigabitEthernet1/3,PC100
12346578,bay-65b-hot-1b,GigabitEthernet1/4,PC100
12346578,bay-65b-hot-1b,GigabitEthernet1/5,PC101
12346578,bay-65b-hot-1b,GigabitEthernet1/6,PC101
12346578,bay-65b-hot-1b,GigabitEthernet1/7,PC101
12346578,bay-65b-hot-1b,GigabitEthernet1/8,PC101
12346578,bay-65b-hot-1b,GigabitEthernet1/9,PC101
12346578,bay-65b-hot-1b,GigabitEthernet1/10,PC101
12346578,bay-65b-hot-1b,GigabitEthernet1/11,PC101
12346578,bay-65b-hot-1b,GigabitEthernet1/12,PC101
12346578,bay-65b-hot-1b,GigabitEthernet1/13,PC110
12346578,bay-65b-hot-1b,GigabitEthernet1/14,PC110
12346578,bay-65b-hot-1b,GigabitEthernet1/15,PC110
12346578,bay-65b-hot-1b,GigabitEthernet1/16,PC110
12346578,bay-65b-hot-1b,GigabitEthernet1/17,PC111
12346578,bay-65b-hot-1b,GigabitEthernet1/18,PC111
12346578,bay-65b-hot-1b,GigabitEthernet1/19,PC111
12346578,bay-65b-hot-1b,GigabitEthernet1/20,PC111
12346578,bay-65b-hot-1b,GigabitEthernet1/21,PC111
12346578,bay-65b-hot-1b,GigabitEthernet1/22,PC111
12346578,bay-65b-hot-1b,GigabitEthernet1/23,PC111
12346578,bay-65b-hot-1b,GigabitEthernet1/24,PC111
12346578,bay-65b-hot-1b,GigabitEthernet2/5,PC102
12346578,bay-65b-hot-1b,GigabitEthernet2/6,PC102
12346578,bay-65b-hot-1b,GigabitEthernet2/7,PC102
12346578,bay-65b-hot-1b,GigabitEthernet2/8,PC102
12346578,bay-65b-hot-1b,GigabitEthernet2/9,PC102
12346578,bay-65b-hot-1b,GigabitEthernet2/10,PC102
12346578,bay-65b-hot-1b,GigabitEthernet2/11,PC102
12346578,bay-65b-hot-1b,GigabitEthernet2/12,PC102
12346578,bay-65b-hot-1b,GigabitEthernet2/17,PC112
12346578,bay-65b-hot-1b,GigabitEthernet2/18,PC112
12346578,bay-65b-hot-1b,GigabitEthernet2/19,PC112
12346578,bay-65b-hot-1b,GigabitEthernet2/20,PC112
12346578,bay-65b-hot-1b,GigabitEthernet2/21,PC112
12346578,bay-65b-hot-1b,GigabitEthernet2/22,PC112
12346578,bay-65b-hot-1b,GigabitEthernet2/23,PC112
12346578,bay-65b-hot-1b,GigabitEthernet2/24,PC112
12346578,bay-65f-hot-1a,GigabitEthernet4/1,PC110
12346578,bay-65f-hot-1a,GigabitEthernet4/2,PC110
12346578,bay-65f-hot-1a,GigabitEthernet4/3,PC105
12346578,bay-65f-hot-1a,GigabitEthernet4/4,PC105
12346578,bay-65f-hot-1a,GigabitEthernet4/5,PC100
12346578,bay-65f-hot-1a,GigabitEthernet4/6,PC100
12346578,bay-65f-hot-1a,GigabitEthernet4/7,PC95
12346578,bay-65f-hot-1a,GigabitEthernet4/8,PC95
12346578,bay-65f-hot-1a,GigabitEthernet4/9,PC90
12346578,bay-65f-hot-1a,GigabitEthernet4/10,PC90
12346578,bay-65f-hot-1a,GigabitEthernet4/11,PC85
12346578,bay-65f-hot-1a,GigabitEthernet4/12,PC85
12346578,bay-65f-hot-1a,GigabitEthernet4/13,PC80
12346578,bay-65f-hot-1a,GigabitEthernet4/14,PC80
12346578,bay-65f-hot-1a,GigabitEthernet4/15,PC75
12346578,bay-65f-hot-1a,GigabitEthernet4/16,PC75
12346578,bay-65f-hot-1a,GigabitEthernet4/17,PC70
12346578,bay-65f-hot-1a,GigabitEthernet4/18,PC70
12346578,bay-65f-hot-1a,GigabitEthernet4/19,PC71
12346578,bay-65f-hot-1a,GigabitEthernet4/20,PC71
12346578,bay-65f-hot-1a,GigabitEthernet4/21,PC71
12346578,bay-65f-hot-1a,GigabitEthernet4/22,PC71
12346578,bay-65f-hot-1a,GigabitEthernet4/23,PC100
12346578,bay-65f-hot-1a,GigabitEthernet4/24,PC100
12346578,bay-65f-hot-1a,GigabitEthernet4/25,PC76
12346578,bay-65f-hot-1a,GigabitEthernet4/26,PC76
12346578,bay-65f-hot-1a,GigabitEthernet4/27,PC76
12346578,bay-65f-hot-1a,GigabitEthernet4/28,PC76
12346578,bay-65f-hot-1a,GigabitEthernet4/29,PC81
12346578,bay-65f-hot-1a,GigabitEthernet4/30,PC81
12346578,bay-65f-hot-1a,GigabitEthernet4/31,PC81
12346578,bay-65f-hot-1a,GigabitEthernet4/32,PC81
12346578,bay-65f-hot-1a,GigabitEthernet4/33,PC86
12346578,bay-65f-hot-1a,GigabitEthernet4/34,PC86
12346578,bay-65f-hot-1a,GigabitEthernet4/35,PC86
12346578,bay-65f-hot-1a,GigabitEthernet4/36,PC86
12346578,bay-65f-hot-1a,GigabitEthernet4/37,PC91
12346578,bay-65f-hot-1a,GigabitEthernet4/38,PC91
12346578,bay-65f-hot-1a,GigabitEthernet4/39,PC91
12346578,bay-65f-hot-1a,GigabitEthernet4/40,PC91
12346578,bay-65f-hot-1a,GigabitEthernet6/1,PC96
12346578,bay-65f-hot-1a,GigabitEthernet6/2,PC96
12346578,bay-65f-hot-1a,GigabitEthernet6/3,PC96
12346578,bay-65f-hot-1a,GigabitEthernet6/4,PC96
12346578,bay-65f-hot-1a,GigabitEthernet6/5,PC101
12346578,bay-65f-hot-1a,GigabitEthernet6/6,PC101
12346578,bay-65f-hot-1a,GigabitEthernet6/7,PC101
12346578,bay-65f-hot-1a,GigabitEthernet6/8,PC101
12346578,bay-65f-hot-1a,GigabitEthernet7/1,PC106
12346578,bay-65f-hot-1a,GigabitEthernet7/2,PC106
12346578,bay-65f-hot-1a,GigabitEthernet7/3,PC106
12346578,bay-65f-hot-1a,GigabitEthernet7/4,PC106
12346578,bay-65f-hot-1a,GigabitEthernet7/5,PC111
12346578,bay-65f-hot-1a,GigabitEthernet7/6,PC111
12346578,bay-65f-hot-1a,GigabitEthernet7/7,PC111
12346578,bay-65f-hot-1a,GigabitEthernet7/8,PC111
12346578,bay-65f-hot-1a,GigabitEthernet8/1,PC112
12346578,bay-65f-hot-1a,GigabitEthernet8/2,PC112
12346578,bay-65f-hot-1a,GigabitEthernet8/3,PC107
12346578,bay-65f-hot-1a,GigabitEthernet8/4,PC107
12346578,bay-65f-hot-1a,GigabitEthernet8/5,PC97
12346578,bay-65f-hot-1a,GigabitEthernet8/6,PC97
12346578,bay-65f-hot-1a,GigabitEthernet8/7,PC92
12346578,bay-65f-hot-1a,GigabitEthernet8/8,PC92
12346578,bay-65f-hot-1a,GigabitEthernet8/11,PC102
12346578,bay-65f-hot-1a,GigabitEthernet8/24,PC102
12346578,bay-65f-hot-1a,GigabitEthernet8/36,PC87
12346578,bay-65f-hot-1a,GigabitEthernet8/37,PC87
12346578,bay-65f-hot-1a,GigabitEthernet8/38,PC102
12346578,bay-65f-hot-1a,GigabitEthernet8/39,PC102
12346578,bay-65f-hot-1a,GigabitEthernet9/1,PC82
12346578,bay-65f-hot-1a,GigabitEthernet9/2,PC82
12346578,bay-65f-hot-1a,GigabitEthernet9/3,PC77
12346578,bay-65f-hot-1a,GigabitEthernet9/4,PC77
12346578,bay-65f-hot-1a,GigabitEthernet9/5,PC72
12346578,bay-65f-hot-1a,GigabitEthernet9/6,PC72
12346578,bay-65f-hot-1b,GigabitEthernet4/1,PC110
12346578,bay-65f-hot-1b,GigabitEthernet4/2,PC110
12346578,bay-65f-hot-1b,GigabitEthernet4/3,PC105
12346578,bay-65f-hot-1b,GigabitEthernet4/4,PC105
12346578,bay-65f-hot-1b,GigabitEthernet4/5,PC100
12346578,bay-65f-hot-1b,GigabitEthernet4/6,PC100
12346578,bay-65f-hot-1b,GigabitEthernet4/7,PC95
12346578,bay-65f-hot-1b,GigabitEthernet4/8,PC95
12346578,bay-65f-hot-1b,GigabitEthernet4/9,PC90
12346578,bay-65f-hot-1b,GigabitEthernet4/10,PC90
12346578,bay-65f-hot-1b,GigabitEthernet4/11,PC85
12346578,bay-65f-hot-1b,GigabitEthernet4/12,PC85
12346578,bay-65f-hot-1b,GigabitEthernet4/13,PC80
12346578,bay-65f-hot-1b,GigabitEthernet4/14,PC80
12346578,bay-65f-hot-1b,GigabitEthernet4/15,PC75
12346578,bay-65f-hot-1b,GigabitEthernet4/16,PC75
12346578,bay-65f-hot-1b,GigabitEthernet4/17,PC70
12346578,bay-65f-hot-1b,GigabitEthernet4/18,PC70
12346578,bay-65f-hot-1b,GigabitEthernet4/19,PC71
12346578,bay-65f-hot-1b,GigabitEthernet4/20,PC71
12346578,bay-65f-hot-1b,GigabitEthernet4/21,PC71
12346578,bay-65f-hot-1b,GigabitEthernet4/22,PC71
12346578,bay-65f-hot-1b,GigabitEthernet4/23,PC100
12346578,bay-65f-hot-1b,GigabitEthernet4/24,PC100
12346578,bay-65f-hot-1b,GigabitEthernet4/25,PC76
12346578,bay-65f-hot-1b,GigabitEthernet4/26,PC76
12346578,bay-65f-hot-1b,GigabitEthernet4/27,PC76
12346578,bay-65f-hot-1b,GigabitEthernet4/28,PC76
12346578,bay-65f-hot-1b,GigabitEthernet4/29,PC81
12346578,bay-65f-hot-1b,GigabitEthernet4/30,PC81
12346578,bay-65f-hot-1b,GigabitEthernet4/31,PC81
12346578,bay-65f-hot-1b,GigabitEthernet4/32,PC81
12346578,bay-65f-hot-1b,GigabitEthernet4/33,PC86
12346578,bay-65f-hot-1b,GigabitEthernet4/34,PC86
12346578,bay-65f-hot-1b,GigabitEthernet4/35,PC86
12346578,bay-65f-hot-1b,GigabitEthernet4/36,PC86
12346578,bay-65f-hot-1b,GigabitEthernet4/37,PC91
12346578,bay-65f-hot-1b,GigabitEthernet4/38,PC91
12346578,bay-65f-hot-1b,GigabitEthernet4/39,PC91
12346578,bay-65f-hot-1b,GigabitEthernet4/40,PC91
12346578,bay-65f-hot-1b,GigabitEthernet6/1,PC96
12346578,bay-65f-hot-1b,GigabitEthernet6/2,PC96
12346578,bay-65f-hot-1b,GigabitEthernet6/3,PC96
12346578,bay-65f-hot-1b,GigabitEthernet6/4,PC96
12346578,bay-65f-hot-1b,GigabitEthernet6/5,PC101
12346578,bay-65f-hot-1b,GigabitEthernet6/6,PC101
12346578,bay-65f-hot-1b,GigabitEthernet6/7,PC101
12346578,bay-65f-hot-1b,GigabitEthernet6/8,PC101
12346578,bay-65f-hot-1b,GigabitEthernet7/1,PC106
12346578,bay-65f-hot-1b,GigabitEthernet7/2,PC106
12346578,bay-65f-hot-1b,GigabitEthernet7/3,PC106
12346578,bay-65f-hot-1b,GigabitEthernet7/4,PC106
12346578,bay-65f-hot-1b,GigabitEthernet7/5,PC111
12346578,bay-65f-hot-1b,GigabitEthernet7/6,PC111
12346578,bay-65f-hot-1b,GigabitEthernet7/7,PC111
12346578,bay-65f-hot-1b,GigabitEthernet7/8,PC111
12346578,bay-65f-hot-1b,GigabitEthernet8/1,PC112
12346578,bay-65f-hot-1b,GigabitEthernet8/2,PC112
12346578,bay-65f-hot-1b,GigabitEthernet8/5,PC97
12346578,bay-65f-hot-1b,GigabitEthernet8/6,PC97
12346578,bay-65f-hot-1b,GigabitEthernet8/7,PC92
12346578,bay-65f-hot-1b,GigabitEthernet8/8,PC92
12346578,bay-65f-hot-1b,GigabitEthernet8/16,PC102
12346578,bay-65f-hot-1b,GigabitEthernet8/24,PC102
12346578,bay-65f-hot-1b,GigabitEthernet8/36,PC87
12346578,bay-65f-hot-1b,GigabitEthernet8/37,PC87
12346578,bay-65f-hot-1b,GigabitEthernet8/38,PC102
12346578,bay-65f-hot-1b,GigabitEthernet8/39,PC102
12346578,bay-65f-hot-1b,GigabitEthernet9/1,PC82
12346578,bay-65f-hot-1b,GigabitEthernet9/2,PC82
12346578,bay-65f-hot-1b,GigabitEthernet9/3,PC77
12346578,bay-65f-hot-1b,GigabitEthernet9/4,PC77
12346578,bay-65f-hot-1b,GigabitEthernet9/5,PC72
12346578,bay-65f-hot-1b,GigabitEthernet9/6,PC72
12346578,bay-65f-hot-1b,GigabitEthernet9/35,PC107
12346578,bay-65f-hot-1b,GigabitEthernet9/36,PC107
12346578,bay-65f-hot-2a,GigabitEthernet4/1,PC155
12346578,bay-65f-hot-2a,GigabitEthernet4/2,PC155
12346578,bay-65f-hot-2a,GigabitEthernet4/3,PC150
12346578,bay-65f-hot-2a,GigabitEthernet4/4,PC150
12346578,bay-65f-hot-2a,GigabitEthernet4/5,PC145
12346578,bay-65f-hot-2a,GigabitEthernet4/6,PC145
12346578,bay-65f-hot-2a,GigabitEthernet4/7,PC140
12346578,bay-65f-hot-2a,GigabitEthernet4/8,PC140
12346578,bay-65f-hot-2a,GigabitEthernet4/9,PC135
12346578,bay-65f-hot-2a,GigabitEthernet4/10,PC135
12346578,bay-65f-hot-2a,GigabitEthernet4/11,PC130
12346578,bay-65f-hot-2a,GigabitEthernet4/12,PC130
12346578,bay-65f-hot-2a,GigabitEthernet4/13,PC125
12346578,bay-65f-hot-2a,GigabitEthernet4/14,PC125
12346578,bay-65f-hot-2a,GigabitEthernet4/15,PC120
12346578,bay-65f-hot-2a,GigabitEthernet4/16,PC120
12346578,bay-65f-hot-2a,GigabitEthernet4/17,PC115
12346578,bay-65f-hot-2a,GigabitEthernet4/18,PC115
12346578,bay-65f-hot-2a,GigabitEthernet4/19,PC116
12346578,bay-65f-hot-2a,GigabitEthernet4/20,PC116
12346578,bay-65f-hot-2a,GigabitEthernet4/21,PC116
12346578,bay-65f-hot-2a,GigabitEthernet4/22,PC116
12346578,bay-65f-hot-2a,GigabitEthernet4/25,PC121
12346578,bay-65f-hot-2a,GigabitEthernet4/26,PC121
12346578,bay-65f-hot-2a,GigabitEthernet4/27,PC121
12346578,bay-65f-hot-2a,GigabitEthernet4/28,PC121
12346578,bay-65f-hot-2a,GigabitEthernet4/29,PC126
12346578,bay-65f-hot-2a,GigabitEthernet4/30,PC126
12346578,bay-65f-hot-2a,GigabitEthernet4/31,PC126
12346578,bay-65f-hot-2a,GigabitEthernet4/32,PC126
12346578,bay-65f-hot-2a,GigabitEthernet4/33,PC131
12346578,bay-65f-hot-2a,GigabitEthernet4/34,PC131
12346578,bay-65f-hot-2a,GigabitEthernet4/35,PC131
12346578,bay-65f-hot-2a,GigabitEthernet4/36,PC131
12346578,bay-65f-hot-2a,GigabitEthernet4/37,PC136
12346578,bay-65f-hot-2a,GigabitEthernet4/38,PC136
12346578,bay-65f-hot-2a,GigabitEthernet4/39,PC136
12346578,bay-65f-hot-2a,GigabitEthernet4/40,PC136
12346578,bay-65f-hot-2a,GigabitEthernet6/1,PC141
12346578,bay-65f-hot-2a,GigabitEthernet6/2,PC141
12346578,bay-65f-hot-2a,GigabitEthernet6/3,PC141
12346578,bay-65f-hot-2a,GigabitEthernet6/4,PC141
12346578,bay-65f-hot-2a,GigabitEthernet6/5,PC146
12346578,bay-65f-hot-2a,GigabitEthernet6/6,PC146
12346578,bay-65f-hot-2a,GigabitEthernet6/7,PC146
12346578,bay-65f-hot-2a,GigabitEthernet6/8,PC146
12346578,bay-65f-hot-2a,GigabitEthernet7/1,PC151
12346578,bay-65f-hot-2a,GigabitEthernet7/2,PC151
12346578,bay-65f-hot-2a,GigabitEthernet7/3,PC151
12346578,bay-65f-hot-2a,GigabitEthernet7/4,PC151
12346578,bay-65f-hot-2a,GigabitEthernet7/5,PC156
12346578,bay-65f-hot-2a,GigabitEthernet7/6,PC156
12346578,bay-65f-hot-2a,GigabitEthernet7/7,PC156
12346578,bay-65f-hot-2a,GigabitEthernet7/8,PC156
12346578,bay-65f-hot-2a,GigabitEthernet8/1,PC157
12346578,bay-65f-hot-2a,GigabitEthernet8/2,PC157
12346578,bay-65f-hot-2a,GigabitEthernet8/3,PC152
12346578,bay-65f-hot-2a,GigabitEthernet8/4,PC152
12346578,bay-65f-hot-2a,GigabitEthernet8/5,PC142
12346578,bay-65f-hot-2a,GigabitEthernet8/6,PC142
12346578,bay-65f-hot-2a,GigabitEthernet8/7,PC137
12346578,bay-65f-hot-2a,GigabitEthernet8/8,PC137
12346578,bay-65f-hot-2a,GigabitEthernet8/34,PC147
12346578,bay-65f-hot-2a,GigabitEthernet8/35,PC147
12346578,bay-65f-hot-2a,GigabitEthernet8/36,PC147
12346578,bay-65f-hot-2a,GigabitEthernet8/37,PC147
12346578,bay-65f-hot-2a,GigabitEthernet8/38,PC132
12346578,bay-65f-hot-2a,GigabitEthernet8/39,PC132
12346578,bay-65f-hot-2a,GigabitEthernet9/1,PC127
12346578,bay-65f-hot-2a,GigabitEthernet9/2,PC127
12346578,bay-65f-hot-2a,GigabitEthernet9/3,PC122
12346578,bay-65f-hot-2a,GigabitEthernet9/4,PC122
12346578,bay-65f-hot-2a,GigabitEthernet9/5,PC117
12346578,bay-65f-hot-2a,GigabitEthernet9/6,PC117
12346578,bay-65f-hot-2b,GigabitEthernet4/1,PC155
12346578,bay-65f-hot-2b,GigabitEthernet4/2,PC155
12346578,bay-65f-hot-2b,GigabitEthernet4/3,PC150
12346578,bay-65f-hot-2b,GigabitEthernet4/4,PC150
12346578,bay-65f-hot-2b,GigabitEthernet4/5,PC145
12346578,bay-65f-hot-2b,GigabitEthernet4/6,PC145
12346578,bay-65f-hot-2b,GigabitEthernet4/7,PC140
12346578,bay-65f-hot-2b,GigabitEthernet4/8,PC140
12346578,bay-65f-hot-2b,GigabitEthernet4/9,PC135
12346578,bay-65f-hot-2b,GigabitEthernet4/10,PC135
12346578,bay-65f-hot-2b,GigabitEthernet4/11,PC130
12346578,bay-65f-hot-2b,GigabitEthernet4/12,PC130
12346578,bay-65f-hot-2b,GigabitEthernet4/13,PC125
12346578,bay-65f-hot-2b,GigabitEthernet4/14,PC125
12346578,bay-65f-hot-2b,GigabitEthernet4/15,PC120
12346578,bay-65f-hot-2b,GigabitEthernet4/16,PC120
12346578,bay-65f-hot-2b,GigabitEthernet4/17,PC115
12346578,bay-65f-hot-2b,GigabitEthernet4/18,PC115
12346578,bay-65f-hot-2b,GigabitEthernet4/19,PC116
12346578,bay-65f-hot-2b,GigabitEthernet4/20,PC116
12346578,bay-65f-hot-2b,GigabitEthernet4/21,PC116
12346578,bay-65f-hot-2b,GigabitEthernet4/22,PC116
12346578,bay-65f-hot-2b,GigabitEthernet4/25,PC121
12346578,bay-65f-hot-2b,GigabitEthernet4/26,PC121
12346578,bay-65f-hot-2b,GigabitEthernet4/27,PC121
12346578,bay-65f-hot-2b,GigabitEthernet4/28,PC121
12346578,bay-65f-hot-2b,GigabitEthernet4/29,PC126
12346578,bay-65f-hot-2b,GigabitEthernet4/30,PC126
12346578,bay-65f-hot-2b,GigabitEthernet4/31,PC126
12346578,bay-65f-hot-2b,GigabitEthernet4/32,PC126
12346578,bay-65f-hot-2b,GigabitEthernet4/33,PC131
12346578,bay-65f-hot-2b,GigabitEthernet4/34,PC131
12346578,bay-65f-hot-2b,GigabitEthernet4/35,PC131
12346578,bay-65f-hot-2b,GigabitEthernet4/36,PC131
12346578,bay-65f-hot-2b,GigabitEthernet4/37,PC136
12346578,bay-65f-hot-2b,GigabitEthernet4/38,PC136
12346578,bay-65f-hot-2b,GigabitEthernet4/39,PC136
12346578,bay-65f-hot-2b,GigabitEthernet4/40,PC136
12346578,bay-65f-hot-2b,GigabitEthernet6/1,PC141
12346578,bay-65f-hot-2b,GigabitEthernet6/2,PC141
12346578,bay-65f-hot-2b,GigabitEthernet6/3,PC141
12346578,bay-65f-hot-2b,GigabitEthernet6/4,PC141
12346578,bay-65f-hot-2b,GigabitEthernet6/5,PC146
12346578,bay-65f-hot-2b,GigabitEthernet6/6,PC146
12346578,bay-65f-hot-2b,GigabitEthernet6/7,PC146
12346578,bay-65f-hot-2b,GigabitEthernet6/8,PC146
12346578,bay-65f-hot-2b,GigabitEthernet7/1,PC151
12346578,bay-65f-hot-2b,GigabitEthernet7/2,PC151
12346578,bay-65f-hot-2b,GigabitEthernet7/3,PC151
12346578,bay-65f-hot-2b,GigabitEthernet7/4,PC151
12346578,bay-65f-hot-2b,GigabitEthernet7/5,PC156
12346578,bay-65f-hot-2b,GigabitEthernet7/6,PC156
12346578,bay-65f-hot-2b,GigabitEthernet7/7,PC156
12346578,bay-65f-hot-2b,GigabitEthernet7/8,PC156
12346578,bay-65f-hot-2b,GigabitEthernet8/1,PC157
12346578,bay-65f-hot-2b,GigabitEthernet8/2,PC157
12346578,bay-65f-hot-2b,GigabitEthernet8/3,PC152
12346578,bay-65f-hot-2b,GigabitEthernet8/4,PC152
12346578,bay-65f-hot-2b,GigabitEthernet8/5,PC142
12346578,bay-65f-hot-2b,GigabitEthernet8/6,PC142
12346578,bay-65f-hot-2b,GigabitEthernet8/7,PC137
12346578,bay-65f-hot-2b,GigabitEthernet8/8,PC137
12346578,bay-65f-hot-2b,GigabitEthernet8/34,PC147
12346578,bay-65f-hot-2b,GigabitEthernet8/35,PC147
12346578,bay-65f-hot-2b,GigabitEthernet8/36,PC147
12346578,bay-65f-hot-2b,GigabitEthernet8/37,PC147
12346578,bay-65f-hot-2b,GigabitEthernet8/38,PC132
12346578,bay-65f-hot-2b,GigabitEthernet8/39,PC132
12346578,bay-65f-hot-2b,GigabitEthernet9/1,PC127
12346578,bay-65f-hot-2b,GigabitEthernet9/2,PC127
12346578,bay-65f-hot-2b,GigabitEthernet9/3,PC122
12346578,bay-65f-hot-2b,GigabitEthernet9/4,PC122
12346578,bay-65f-hot-2b,GigabitEthernet9/5,PC117
12346578,bay-65f-hot-2b,GigabitEthernet9/6,PC117
12346578,bay-65f-hot-3a,GigabitEthernet6/1,PC161
12346578,bay-65f-hot-3a,GigabitEthernet6/2,PC161
12346578,bay-65f-hot-3a,GigabitEthernet6/3,PC161
12346578,bay-65f-hot-3a,GigabitEthernet6/4,PC161